categoria,contador,descripcion,marca,nombre_crudo,precio,tienda,url,volumen
Arroces,0,MOLINO CARNAROLI ESTUCHE,ALA,ARROZ MOLINO ALA CARNAROLI ESTUCHE 500 GRS,3128.0,Atomo,https://atomoconviene.com/atomo-ecommerce/arroz/89121-arroz-molino-ala-carnaroli-estuche-500-grs--7791120099755.html,500
Arroces,1,INTEGRAL SELEC,GALLO,ARROZ INTEGRAL GALLO SELEC 500 GRS,1692.0,Atomo,https://atomoconviene.com/atomo-ecommerce/arroz/77314-arroz-integral-gallo-selec-500-grs--7790070433152.html,500
Arroces,2,LARGO FINO SELEC,GALLO,ARROZ L.FINO GALLO SELEC 1000 GRS,3272.0,Atomo,https://atomoconviene.com/atomo-ecommerce/arroz/77310-arroz-l-fino-gallo-selec-1000-grs--7790070433138.html,1000
Arroces,3,PARBOIL SELEC,GALLO,ARROZ PARB. GALLO SELEC 500 GRS,1897.0,Atomo,https://atomoconviene.com/atomo-ecommerce/arroz/77303-arroz-parb--gallo-selec-500-grs--7790070433114.html,500
Arroces,4,PARBOIL SELEC,GALLO,ARROZ PARB. GALLO SELEC 1000 GRS,4237.0,Atomo,https://atomoconviene.com/atomo-ecommerce/arroz/77293-arroz-parb--gallo-selec-1000-grs--7790070433091.html,1000
Arroces,5,LARGO FINO LARGO FIN,GALLO,ARROZ L.FINO GALLO GALLO LARGO FIN 1000 GRS,3927.0,Atomo,https://atomoconviene.com/atomo-ecommerce/arroz/77292-arroz-l-fino-gallo-gallo-largo-fin-1000-grs--7790070433084.html,1000
Arroces,6,INTEGRAL SELECCION ESTU,GALLO,ARROZ INTEGRAL GALLO SELECCION ESTU 1000 GRS,3720.0,Atomo,https://atomoconviene.com/atomo-ecommerce/arroz/61580-arroz-integral-gallo-seleccion-estu-1000-grs--7790070431585.html,1000
Arroces,7,LARGO FINO D.CAROLINA,GALLO,ARROZ LARGO FINO GALLO D.CAROLINA 1000 GRS,6028.0,Atomo,https://atomoconviene.com/atomo-ecommerce/arroz/61578-arroz-largo-fino-gallo-d-carolina-1000-grs--7790070431578.html,1000
Arroces,8,CARNAROLINA,GALLO,ARROZ GALLO CARNAROLINA 5 KG,24538.0,Atomo,https://atomoconviene.com/atomo-ecommerce/arroz/61567-arroz-gallo-carnarolina-5-kg--7791880001647.html,5000
Arroces,9,LARGO FINO,GALLO,ARROZ LARGO FINO GALLO BOLSA 1000 GRS,3557.0,Atomo,https://atomoconviene.com/atomo-ecommerce/arroz/61551-arroz-largo-fino-gallo-bolsa-1000-grs--7790070431448.html,1000
Arroces,10,LARGO FINO 0000,MENCHO,ARROZ LARGO FINO MENCHO 0000 1 KG,1196.0,Atomo,https://atomoconviene.com/atomo-ecommerce/arroz/60172-arroz-largo-fino-mencho-0000-1-kg--7792006000292.html,1000
Arroces,11,LARGO FINO ESTUCHE,MOCOVI,ARROZ LARGO FINO MOCOVI ESTUCHE 1000 GRS,1838.0,Atomo,https://atomoconviene.com/atomo-ecommerce/arroz/48386-arroz-largo-fino-mocovi-estuche-1000-grs--7794580000248.html,1000
Arroces,12,LARGO FINO 0000,VINCHA DE ORO,ARROZ LARGO FINO VINCHA DE ORO 0000 500 GRS,701.0,Atomo,https://atomoconviene.com/atomo-ecommerce/arroz/45072-arroz-largo-fino-vincha-de-oro-0000-500-grs--7794580000309.html,500
Arroces,13,LARGO FINO ESTUCHE,MOCOVI,ARROZ LARGO FINO MOCOVI ESTUCHE 500 GRS,966.0,Atomo,https://atomoconviene.com/atomo-ecommerce/arroz/45068-arroz-largo-fino-mocovi-estuche-500-grs--7794580000040.html,500
Arroces,14,LARGO FINO  LAMINADO,MOCOVI,ARROZ LARGO FINO MOCOVI BOLSA LAMINADO 500 GRS,756.0,Atomo,https://atomoconviene.com/atomo-ecommerce/arroz/45063-arroz-largo-fino-mocovi-bolsa-laminado-500-grs--7794580003041.html,500
Arroces,15,LARGO FINO  LAMINADO,MOCOVI,ARROZ LARGO FINO MOCOVI BOLSA LAMINADO 1 KG,1453.0,Atomo,https://atomoconviene.com/atomo-ecommerce/arroz/45058-arroz-largo-fino-mocovi-bolsa-laminado-1-kg--7794580003058.html,1000
Arroces,16,LARGO FINO 00000,APOSTOLES,ARROZ LARGO FINO APOSTOLES 00000 1000 GRS,995.0,Atomo,https://atomoconviene.com/atomo-ecommerce/arroz/32828-arroz-largo-fino-apostoles-00000-1000-grs--7791120031656.html,1000
Arroces,17,LARGO FINO 00000,TIO CARLOS,ARROZ L.FINO TIO CARLOS 00000 1000 GRS,1633.0,Atomo,https://atomoconviene.com/atomo-ecommerce/arroz/32852-arroz-l-fino-tio-carlos-00000-1000-grs--7792006000124.html,1000
Arroces,18,LARGO FINO 00000,NOBLE,ARROZ L.FINO NOBLE 5/0 1000 GRS,1490.0,Atomo,https://atomoconviene.com/atomo-ecommerce/arroz/17249-arroz-l-fino-noble-5-0-1000-grs--7790203000275.html,1000
Arroces,19,LARGO FINO,LUCCHETTI,ARROZ L.FINO LUCCHETTI   1000 GRS,1670.0,Atomo,https://atomoconviene.com/atomo-ecommerce/arroz/70390-arroz-l-fino-lucchetti---1000-grs--7790070431486.html,1000
Arroces,20,LARGO FINO 00000,TIO CARLOS,ARROZ L.FINO TIO CARLOS 00000 500 GRS,861.0,Atomo,https://atomoconviene.com/atomo-ecommerce/arroz/32845-arroz-l-fino-tio-carlos-00000-500-grs--7792006000117.html,500
Arroces,21,PARBOIL,LUCCHETTI,ARROZ PARB. LUCCHETTI BOLSA 1000 GRS,2230.0,Atomo,https://atomoconviene.com/atomo-ecommerce/arroz/82774-arroz-parb--lucchetti-bolsa-1000-grs--7790070431509.html,1000
Arroces,22,PARBOIL,ALA,ARROZ PARB. ALA   1000 GRS,1449.0,Atomo,https://atomoconviene.com/atomo-ecommerce/arroz/4992-arroz-parb--ala---1000-grs--7791120037559.html,1000
Arroces,23,PARBOIL,LUCCHETTI,ARROZ PARB. LUCCHETTI BOLSA 500 GRS,1759.0,Atomo,https://atomoconviene.com/atomo-ecommerce/arroz/82767-arroz-parb--lucchetti-bolsa-500-grs--7790070431516.html,500
Arroces,24,FORTUNA 00000,TIO CARLOS,ARROZ FORTUNA TIO CARLOS 00000 1000 GRS,2594.0,Atomo,https://atomoconviene.com/atomo-ecommerce/arroz/32815-arroz-fortuna-tio-carlos-00000-1000-grs--7792006000056.html,1000
Arroces,25,FORTUNA 00000,TIO CARLOS,ARROZ FORTUNA TIO CARLOS 00000 500 GRS,1359.0,Atomo,https://atomoconviene.com/atomo-ecommerce/arroz/32800-arroz-fortuna-tio-carlos-00000-500-grs--7792006000049.html,500
Arroces,26,PARBOIL,GALLO,ARROZ PARB. GALLO BOLSA 1 KG,3504.0,Atomo,https://atomoconviene.com/atomo-ecommerce/arroz/91789-arroz-parb--gallo-bolsa-1-kg--7790070431417.html,1000
Arroces,27,LARGO FINO,LUCCHETTI,ARROZ L.FINO LUCCHETTI   500 GRS,880.0,Atomo,https://atomoconviene.com/atomo-ecommerce/arroz/70385-arroz-l-fino-lucchetti---500-grs--7790070431493.html,500
Arroces,28,LARGO FINO 00000,NOBLE,ARROZ L.FINO NOBLE 5/0 500 GRS,848.0,Atomo,https://atomoconviene.com/atomo-ecommerce/arroz/14337-arroz-l-fino-noble-5-0-500-grs--7790203000282.html,500
Arroces,29,LARGO FINO 00000,SAN JAVIER,ARROZ L.FINO SAN JAVIER 00000 1000 GRS,1127.0,Atomo,https://atomoconviene.com/atomo-ecommerce/arroz/37755-arroz-l-fino-san-javier-00000-1000-grs--7798082970092.html,1000
Arroces,30,LARGO FINO,ALA,ARROZ L.FINO ALA   1000 GRS,1645.0,Atomo,https://atomoconviene.com/atomo-ecommerce/arroz/3541-arroz-l-fino-ala---1000-grs--7791120099847.html,1000
Arroces,31,INTEGRAL,ALA,ARROZ INTEGRAL ALA   1000 GRS,1821.0,Atomo,https://atomoconviene.com/atomo-ecommerce/arroz/3865-arroz-integral-ala---1000-grs--7791120098888.html,1000
Leches,32,PROTEIN 0%,LA SERENISIMA,LECHE U.A.T. LA SERENISIMA PROTEIN 0% 1 LTS.,2310.0,Atomo,https://atomoconviene.com/atomo-ecommerce/leches-larga-vida/68617-leche-u-a-t--la-serenisima-protein-0--1-lts---7790742358608.html,1000
Leches,33,LIVIANA 1%,LA SERENISIMA,LECHE U.A.T. LA SERENISIMA LIVIANA 1% 1 LTS.,1899.0,Atomo,https://atomoconviene.com/atomo-ecommerce/leches-larga-vida/29775-leche-u-a-t--la-serenisima-liviana-1--1-lts---7790742335609.html,1000
Arroces,34,SABORES DEL MUNDO WOK ORIENTAL,GALLO,ARROZ P/PREPARA GALLO SAB.WOK ORIENT 240 GRS,3252.0,Atomo,https://atomoconviene.com/atomo-ecommerce/arroz-listo/71529-arroz-p-prepara-gallo-sab-wok-orient-240-grs--7790070431547.html,240
Arroces,35,RISOTTO PARME.AZAFR,GALLO,ARROZ P/PREPARA GALLO RIS.PARME.AZAFR 240 GRS,3499.0,Atomo,https://atomoconviene.com/atomo-ecommerce/arroz-listo/65568-arroz-p-prepara-gallo-ris-parme-azafr-240-grs--7790070431530.html,240
Arroces,36,RISOTTO TRATTORIA CHAMPI,GALLO,ARROZ P/PREPARA GALLO RIS.TRAT.CHAMPI 240 GRS,3499.0,Atomo,https://atomoconviene.com/atomo-ecommerce/arroz-listo/65567-arroz-p-prepara-gallo-ris-trat-champi-240-grs--7790070431523.html,240
Arroces,37,PARA PREPARAR BAJO SODIO MIX DE VEGETALES,GALLO,ARROZ PARA PREPARAR GALLO BAJO SODIO MIX DE VEGETALES 240 GRS,2545.0,Atomo,https://atomoconviene.com/atomo-ecommerce/arroz-listo/36953-arroz-para-preparar-gallo-bajo-sodio-mix-de-vegetales-240-grs--7790070432292.html,240
Arroces,38,PARA PREPARAR MIX DE SEMILLAS QUINOA Y LINO,GALLO,ARROZ PARA PREPARAR GALLO MIX DE SEMILLAS QUINOA Y LINO 240 GRS,2545.0,Atomo,https://atomoconviene.com/atomo-ecommerce/arroz-listo/36931-arroz-para-preparar-gallo-mix-de-semillas-quinoa-y-lino-240-grs--7790070432285.html,240
Panes,39,REBANADO BLANCO,BIMBO,PAN REBANADO BIMBO BLANCO 400 GRS,4390.0,Atomo,https://atomoconviene.com/atomo-ecommerce/pan-lactal/36600-pan-rebanado-bimbo-blanco-400-grs--7793890261233.html,400
Panes,40,REBANADO GRANDE,LACTAL,PAN REBANADO LACTAL GRANDE 460 GRS,3299.0,Atomo,https://atomoconviene.com/atomo-ecommerce/pan-lactal/36517-pan-rebanado-lactal-grande-460-grs--7793890258752.html,460
Panes,41,REBANADO CHICO,LACTAL,PAN REBANADO LACTAL CHICO 315 GRS,2350.0,Atomo,https://atomoconviene.com/atomo-ecommerce/pan-lactal/36510-pan-rebanado-lactal-chico-315-grs--7793890258769.html,315
Panes,42,DE SALVADO CHICO,LACTAL,PAN DE SALVADO LACTAL CHICO 330 GRS,2630.0,Atomo,https://atomoconviene.com/atomo-ecommerce/integral-y-salvado/36524-pan-de-salvado-lactal-chico-330-grs--7793890258776.html,330
Panes,43,REBANADO CON SEMILLA ARTESANO,MILLAN,PANADERIA MILLAN PAN REBANADO CON SEMILLA ARTESANO 400 GRS,2649.0,Atomo,https://atomoconviene.com/atomo-ecommerce/panaderia/56325-panaderia-millan-pan-rebanado-con-semilla-artesano-400-grs--4402038563254.html,400
Panes,44,REBANADO BLANCO,BELIER,PANADERIA PAN REBANADO BLANCO BELIER 400 GRS,1649.0,Atomo,https://atomoconviene.com/atomo-ecommerce/panaderia/16472-panaderia-pan-rebanado-blanco-belier-400-grs--4400017000011.html,400
Gaseosas,45,SIN AZUCAR,COCA COLA,GASEOSA DIET COCA COLA SIN AZUCAR 2500 CC.,3990.0,Atomo,https://atomoconviene.com/atomo-ecommerce/cola/20989-gaseosa-diet-coca-cola-sin-azucar-2500-cc---7790895068096.html,2500
Gaseosas,46,SIN AZUCAR,COCA COLA,GASEOSA DIET COCA COLA SIN AZUCAR 1500 CC.,1862.0,Atomo,https://atomoconviene.com/atomo-ecommerce/gaseosas/98579-gaseosa-diet-coca-cola-sin-azucar-1500-cc---7790895067556.html,1500
Gaseosas,47,,COCA COLA,GASEOSAS COCA COLA   2500 CC.,3990.0,Atomo,https://atomoconviene.com/atomo-ecommerce/gaseosas/64192-gaseosas-coca-cola---2500-cc---7790895005794.html,2500
Gaseosas,48,,COCA COLA,GASEOSAS COCA COLA   1500 CC.,1862.0,Atomo,https://atomoconviene.com/atomo-ecommerce/gaseosas/9339-gaseosas-coca-cola---1500-cc---7790895000430.html,1500
Gaseosas,49,SIN AZUCAR,COCA COLA,GASEOSA DIET COCA COLA ZERO 500 CC.,1140.0,Atomo,https://atomoconviene.com/atomo-ecommerce/cola/98580-gaseosa-diet-coca-cola-zero-500-cc---7790895067532.html,500
Gaseosas,50,,COCA COLA,GASEOSAS COCA COLA   500 CC.,1140.0,Atomo,https://atomoconviene.com/atomo-ecommerce/cola/43673-gaseosas-coca-cola---500-cc---7790895000782.html,500
Gaseosas,51,BLACK,PEPSI,GASEOSA DIET PEPSI BLACK 1500 CC.,2570.0,Atomo,https://atomoconviene.com/atomo-ecommerce/bebidas/64306-gaseosa-diet-pepsi-black-1500-cc---7791813421054.html,1500
Gaseosas,52,BLACK,PEPSI,GASEOSA DIET PEPSI BLACK 354 CC,599.0,Atomo,https://atomoconviene.com/atomo-ecommerce/bebidas/18639-gaseosa-diet-pepsi-black-354-cc--7791813828372.html,354
Gaseosas,53,,PEPSI,GASEOSAS PEPSI   3000 CC.,3350.0,Atomo,https://atomoconviene.com/atomo-ecommerce/inicio/20546-gaseosas-pepsi---3000-cc---7791813555063.html,3000
Gaseosas,54,,PEPSI,GASEOSAS PEPSI   1500 CC.,1920.0,Atomo,https://atomoconviene.com/atomo-ecommerce/cola/74854-gaseosas-pepsi---1500-cc---7791813555049.html,1500
Gaseosas,55,,PEPSI,GASEOSAS PEPSI   500 CC.,630.0,Atomo,https://atomoconviene.com/atomo-ecommerce/bebidas/85301-gaseosas-pepsi---500-cc---7791813555032.html,500
Gaseosas,56,,PEPSI,GASEOSAS PEPSI   354 CC.,599.0,Atomo,https://atomoconviene.com/atomo-ecommerce/bebidas/40195-gaseosas-pepsi---354-cc---7791813555025.html,354
Gaseosas,57,POMELO SIN AZUCAR,SCHWEPPES,GASEOSAS SCHWEPPES POMELO ZERO 1500 CC.,1729.0,Atomo,https://atomoconviene.com/atomo-ecommerce/pomelo/37088-gaseosas-schweppes-pomelo-zero-1500-cc---7790895010088.html,1500
Gaseosas,58,TONICA,SCHWEPPES,GASEOSAS SCHWEPPES TONICA 1500 CC.,1729.0,Atomo,https://atomoconviene.com/atomo-ecommerce/almacen/11840-gaseosas-schweppes-tonica-1500-cc---7790895006715.html,1500
Gaseosas,59,POMELO SIN AZUCAR,SCHWEPPES,GASEOSA DIET SCHWEPPES POMELO S/AZUCAR 310 CC.,950.0,Atomo,https://atomoconviene.com/atomo-ecommerce/lima-limon/15491-gaseosa-diet-schweppes-pomelo-s-azucar-310-cc---7790895643903.html,310
Gaseosas,60,SIN AZUCAR,SPRITE,GASEOSA DIET SPRITE ZERO 2250 CC.,3590.0,Atomo,https://atomoconviene.com/atomo-ecommerce/gaseosas/84899-gaseosa-diet-sprite-zero-2250-cc---7790895064166.html,2250
Gaseosas,61,SIN AZUCAR,SPRITE,GASEOSA DIET SPRITE ZERO 1500 CC.,1729.0,Atomo,https://atomoconviene.com/atomo-ecommerce/bebidas/22579-gaseosa-diet-sprite-zero-1500-cc---7790895064173.html,1500
Gaseosas,62,,SPRITE,GASEOSAS SPRITE   2250 CC.,3590.0,Atomo,https://atomoconviene.com/atomo-ecommerce/inicio/45626-gaseosas-sprite---2250-cc---7790895001000.html,2250
Gaseosas,63,,SPRITE,GASEOSAS SPRITE   1500 CC.,1729.0,Atomo,https://atomoconviene.com/atomo-ecommerce/gaseosas/71462-gaseosas-sprite---1500-cc---7790895000447.html,1500
Gaseosas,64,SIN AZUCAR,SEVEN UP,GASEOSA DIET SEVEN UP SIN AZUCAR 2250 CC.,3400.0,Atomo,https://atomoconviene.com/atomo-ecommerce/lima-limon/74155-gaseosa-diet-seven-up-sin-azucar-2250-cc---7791813900115.html,2250
Gaseosas,65,SIN AZUCAR,SEVEN UP,GASEOSA DIET SEVEN UP SIN AZUCAR 1500 CC.,2390.0,Atomo,https://atomoconviene.com/atomo-ecommerce/inicio/47971-gaseosa-diet-seven-up-sin-azucar-1500-cc---7791813421580.html,1500
Gaseosas,66,,SEVEN UP,GASEOSAS SEVEN UP  3000 CC.,4670.0,Atomo,https://atomoconviene.com/atomo-ecommerce/inicio/19777-gaseosas-seven-up--3000-cc---7791813777069.html,3000
Gaseosas,67,,SEVEN UP,GASEOSAS SEVEN UP   2250 CC.,3510.0,Atomo,https://atomoconviene.com/atomo-ecommerce/lima-limon/57831-gaseosas-seven-up---2250-cc---7791813777052.html,2250
Gaseosas,68,,SEVEN UP,GASEOSAS SEVEN UP   1500 CC.,2390.0,Atomo,https://atomoconviene.com/atomo-ecommerce/lima-limon/56943-gaseosas-seven-up---1500-cc---7791813777045.html,1500
Gaseosas,69,,SEVEN UP,GASEOSAS SEVEN UP   354 CC.,599.0,Atomo,https://atomoconviene.com/atomo-ecommerce/inicio/97660-gaseosas-seven-up---354-cc---7791813777021.html,354
Gaseosas,70,NARANJA,FANTA,GASEOSAS FANTA NARANJA 2250 CC.,3590.0,Atomo,https://atomoconviene.com/atomo-ecommerce/gaseosas/62571-gaseosas-fanta-naranja-2250-cc---7790895001017.html,2250
Gaseosas,71,NARANJA,FANTA,GASEOSAS FANTA NARANJA 1500 CC.,1729.0,Atomo,https://atomoconviene.com/atomo-ecommerce/naranja/60243-gaseosas-fanta-naranja-1500-cc---7790895000454.html,1500
Gaseosas,72,NARANJA,MIRINDA,GASEOSAS MIRINDA NARANJA 3000 CC.,2500.0,Atomo,https://atomoconviene.com/atomo-ecommerce/gaseosas/80832-gaseosas-mirinda-naranja-3000-cc---7791813000020.html,3000
Gaseosas,73,NARANJA,MIRINDA,GASEOSAS MIRINDA NARANJA 354 CC,599.0,Atomo,https://atomoconviene.com/atomo-ecommerce/bebidas/7813-gaseosas-mirinda-naranja-354-cc--7791813000310.html,354
Gaseosas,74,POMELO,PASO DE LOS TOROS,GASEOSA DIETETICA PASO DE LOS TOROS POMELO 1500 CC.,2480.0,Atomo,https://atomoconviene.com/atomo-ecommerce/bebidas/44852-gaseosa-dietetica-paso-de-los-toros-pomelo-1500-cc---7791813080039.html,1500
Gaseosas,75,POMELO,PASO DE LOS TOROS,GASEOSAS P.DE LOS TOROS POMELO 2250 CC.,3510.0,Atomo,https://atomoconviene.com/atomo-ecommerce/pomelo/14925-gaseosas-p-de-los-toros-pomelo-2250-cc---7791813423386.html,2250
Gaseosas,76,POMELO,PASO DE LOS TOROS,GASEOSAS P.DE LOS TOROS POMELO 1500 CC.,2480.0,Atomo,https://atomoconviene.com/atomo-ecommerce/pomelo/29575-gaseosas-p-de-los-toros-pomelo-1500-cc---7791813421382.html,1500
Gaseosas,77,POMELO,PASO DE LOS TOROS,GASEOSAS P.DE LOS TOROS POMELO 500 CC.,630.0,Atomo,https://atomoconviene.com/atomo-ecommerce/inicio/96795-gaseosas-p-de-los-toros-pomelo-500-cc---7791813420385.html,500
Gaseosas,78,TONICA,PASO DE LOS TOROS,GASEOSAS P.DE LOS TOROS TONICA 1500 CC.,2480.0,Atomo,https://atomoconviene.com/atomo-ecommerce/tonica-y-otras-gaseosas/29623-gaseosas-p-de-los-toros-tonica-1500-cc---7791813421368.html,1500
Gaseosas,79,TONICA,PASO DE LOS TOROS,GASEOSAS P.DE LOS TOROS TONICA 269 CC.,599.0,Atomo,https://atomoconviene.com/atomo-ecommerce/bebidas/49043-gaseosas-p-de-los-toros-tonica-269-cc---7791813800774.html,269
Gaseosas,80,COLA,SECCO,GASEOSAS SECCO COLA 3000 CC.,1520.0,Atomo,https://atomoconviene.com/atomo-ecommerce/gaseosas/10574-gaseosas-secco-cola-3000-cc---7792758001073.html,3000
Gaseosas,81,COLA,SECCO,GASEOSAS SECCO COLA 2250 CC.,1320.0,Atomo,https://atomoconviene.com/atomo-ecommerce/gaseosas/10552-gaseosas-secco-cola-2250-cc---7792758001066.html,2250
Gaseosas,82,LIMA,SECCO,GASEOSAS SECCO LIMA LIMON 2250 CC.,1320.0,Atomo,https://atomoconviene.com/atomo-ecommerce/gaseosas/10571-gaseosas-secco-lima-limon-2250-cc---7792758012253.html,2250
Gaseosas,83,POMELO,SECCO,GASEOSAS SECCO POMELO 2250 CC.,1320.0,Atomo,https://atomoconviene.com/atomo-ecommerce/gaseosas/10568-gaseosas-secco-pomelo-2250-cc---7792758012246.html,2250
Gaseosas,84,NARANJA,SECCO,GASEOSAS SECCO NARANJA 2250 CC.,1320.0,Atomo,https://atomoconviene.com/atomo-ecommerce/gaseosas/10572-gaseosas-secco-naranja-2250-cc---7792758012239.html,2250
Gaseosas,85,TONICA,SECCO,GASEOSAS SECCO TONICA 2250 CC.,1320.0,Atomo,https://atomoconviene.com/atomo-ecommerce/gaseosas/10560-gaseosas-secco-tonica-2250-cc---7792758322291.html,2250
Gaseosas,86,TONICA,SCHWEPPES,GASEOSAS SCHWEPPES TONICA 310 CC.,950.0,Atomo,https://atomoconviene.com/atomo-ecommerce/tonica-y-otras-gaseosas/15478-gaseosas-schweppes-tonica-310-cc---7790895003202.html,310
Gaseosas,87,TONICA SIN AZUCAR,PASO DE LOS TOROS,GASEOSA DIET P.DE LOS TOROS TONICA S/AZUCAR 1500 CC.,2480.0,Atomo,https://atomoconviene.com/atomo-ecommerce/tonica-y-otras-gaseosas/8257-gaseosa-diet-p-de-los-toros-tonica-s-azucar-1500-cc---7791813222057.html,1500
Gaseosas,88,,PEPSI,GASEOSAS PEPSI   2000 CC.,2190.0,Atomo,https://atomoconviene.com/atomo-ecommerce/cola/67653-gaseosas-pepsi---2000-cc---7791813555094.html,2000
Gaseosas,89,,COCA COLA,GASEOSAS COCA COLA LATA 354 CC.,950.0,Atomo,https://atomoconviene.com/atomo-ecommerce/cola/59026-gaseosas-coca-cola-lata-354-cc---7790895000232.html,354
Gaseosas,90,,SPRITE,GASEOSAS SPRITE LATA 354 CC.,950.0,Atomo,https://atomoconviene.com/atomo-ecommerce/lima-limon/36650-gaseosas-sprite-lata-354-cc---7790895000911.html,354
Gaseosas,91,SIN AZUCAR,SPRITE,GASEOSA DIET SPRITE ZERO LATA 354 CC.,950.0,Atomo,https://atomoconviene.com/atomo-ecommerce/lima-limon/22580-gaseosa-diet-sprite-zero-lata-354-cc---7790895064364.html,354
Shampoos,92,ANTI COMEZON,HEAD & SHOULDERSOULDERS,SHAMPOO HEAD & SHOULDER ANTI COMEZON 375 ML,7875.0,Atomo,https://atomoconviene.com/atomo-ecommerce/shampoo/98689-shampoo-head---shoulder-anti-comezon-375-ml--7500435231237.html,375
Shampoos,93,BOMBA DELICIOSA,SUAVE,SHAMPOO FLIAR SUAVE BOMBA DELICIOSA 930 ML.,3009.0,Atomo,https://atomoconviene.com/atomo-ecommerce/shampoo/89879-shampoo-fliar-suave-bomba-deliciosa-930-ml---7791293050416.html,930
Shampoos,94,ANTI COMEZON,HEAD & SHOULDERSOULDERS,SHAMPOO HEAD & SHOULDER ANTI COMEZON 180 ML,4703.0,Atomo,https://atomoconviene.com/atomo-ecommerce/shampoo/77056-shampoo-head---shoulder-anti-comezon-180-ml--7500435231244.html,180
Shampoos,95,KERATINA,PANTENE,SHAMPOO PANTENE KERATINA 400 ML.,6524.0,Atomo,https://atomoconviene.com/atomo-ecommerce/shampoo/50369-shampoo-pantene-keratina-400-ml---7500435241007.html,400
Shampoos,96,DETOX,PANTENE,SHAMPOO PANTENE DETOX 200 ML.,3994.0,Atomo,https://atomoconviene.com/atomo-ecommerce/shampoo/35394-shampoo-pantene-detox-200-ml---7500435229845.html,200
Shampoos,97,DETOX,PANTENE,SHAMPOO PANTENE DETOX 400 ML.,6524.0,Atomo,https://atomoconviene.com/atomo-ecommerce/shampoo/35317-shampoo-pantene-detox-400-ml---7500435229821.html,400
Shampoos,98,ALOE WATER,FRUCTIS,SHAMPOO FRUCTIS ALOE WATER 350 ML.,5648.0,Atomo,https://atomoconviene.com/atomo-ecommerce/shampoo/22589-shampoo-fructis-aloe-water-350-ml---7509552830507.html,350
Shampoos,99,BRILLO,317,SHAMPOO 317 BRILLO 390 ML.,2244.0,Atomo,https://atomoconviene.com/atomo-ecommerce/shampoo/16478-shampoo-317-brillo-390-ml---7792321011478.html,390
Shampoos,100,DIARIO,317,SHAMPOO 317 DIARIO 390 ML.,2244.0,Atomo,https://atomoconviene.com/atomo-ecommerce/shampoo/16467-shampoo-317-diario-390-ml---7792321011485.html,390
Shampoos,101,LISO EFEC BOTOX,TRESEMME,SHAMPOO TRESEMME LISO EFEC BOTOX 250 ML.,2232.6,Atomo,https://atomoconviene.com/atomo-ecommerce/shampoo/15096-shampoo-tresemme-liso-efec-botox-250-ml---7791293050072.html,250
Shampoos,102,KERA ANTIFRIZZ,TRESEMME,SHAMPOO TRESEMME KERA ANTIFRIZZ 250 ML.,2232.6,Atomo,https://atomoconviene.com/atomo-ecommerce/shampoo/15091-shampoo-tresemme-kera-antifrizz-250-ml---7791293049915.html,250
Shampoos,103,CAUTERIZACION,TRESEMME,SHAMPOO TRESEMME CAUTERIZACION 500 ML.,3666.6,Atomo,https://atomoconviene.com/atomo-ecommerce/shampoo/15074-shampoo-tresemme-cauterizacion-500-ml---7791293050010.html,500
Shampoos,104,COLAGENO,PANTENE,SHAMPOO PANTENE COLAGENO 400 ML.,6524.0,Atomo,https://atomoconviene.com/atomo-ecommerce/shampoo/5557-shampoo-pantene-colageno-400-ml---7500435137928.html,400
Shampoos,105,VOLUMEN,PANTENE,SHAMPOO PANTENE VOLUMEN 400 ML.,6524.0,Atomo,https://atomoconviene.com/atomo-ecommerce/cuidado-capilar/29914-shampoo-pantene-volumen-400-ml---7500435235297.html,400
Shampoos,106,REVITALIZACION,PANTENE,SHAMPOO PANTENE REVITALIZACION 200 ML,3994.0,Atomo,https://atomoconviene.com/atomo-ecommerce/shampoo/27648-shampoo-pantene-revitalizacion-200-ml--7500435235464.html,200
Shampoos,107,COLAGENO,PANTENE,SHAMPOO PANTENE COLAGENO 200 ML.,3994.0,Atomo,https://atomoconviene.com/atomo-ecommerce/shampoo/5552-shampoo-pantene-colageno-200-ml---7500435191418.html,200
Shampoos,108,LISO INFINITO,PANTENE,SHAMPOO PANTENE LISO INFINITO 200 ML,3994.0,Atomo,https://atomoconviene.com/atomo-ecommerce/shampoo/47668-shampoo-pantene-liso-infinito-200-ml--7500435235402.html,200
Shampoos,109,HIDRATA Y FORTALECE,PANTENE,SHAMPOO PANTENE HIDRA-FORTALECE 200 ML.,3994.0,Atomo,https://atomoconviene.com/atomo-ecommerce/shampoo/48396-shampoo-pantene-hidra-fortalece-200-ml---7500435230100.html,200
Shampoos,110,RECONSTRUCCION COMPLETA,DOVE,SHAMPOO DOVE RECON.COMPLETA 400 ML.,4202.8,Atomo,https://atomoconviene.com/atomo-ecommerce/shampoo/79300-shampoo-dove-recon-completa-400-ml---7791293047102.html,400
Shampoos,111,REPARACION COCO,DOVE,SHAMPOO DOVE REPARACION COCO 400 ML.,4202.8,Atomo,https://atomoconviene.com/atomo-ecommerce/shampoo/73017-shampoo-dove-reparacion-coco-400-ml---7791293047447.html,400
Shampoos,112,OLEO NUTRICION,DOVE,SHAMPOO DOVE OLEO NUTRICION 400 ML.,4202.8,Atomo,https://atomoconviene.com/atomo-ecommerce/shampoo/79301-shampoo-dove-oleo-nutricion-400-ml---7791293047164.html,400
Shampoos,113,MEN 2EN1 FZA EXTREM,DOVE,SHAMPOO DOVE MEN 2EN1 FZA EXTREM 400 ML.,4503.8,Atomo,https://atomoconviene.com/atomo-ecommerce/shampoo/87602-shampoo-dove-men-2en1-fza-extrem-400-ml---7791293045511.html,400
Shampoos,114,REPARACION COCO,DOVE,SHAMPOO DOVE REPARACION COCO 200 ML.,3683.0,Atomo,https://atomoconviene.com/atomo-ecommerce/shampoo/73036-shampoo-dove-reparacion-coco-200-ml---7791293047034.html,200
Shampoos,115,REGEN.EXTREMA,DOVE,SHAMPOO DOVE REGEN.EXTREMA 200 ML.,3683.0,Atomo,https://atomoconviene.com/atomo-ecommerce/shampoo/79290-shampoo-dove-regen-extrema-200-ml---7791293047003.html,200
Shampoos,116,RECONSTRUCCION COMPLETA,DOVE,SHAMPOO DOVE RECON.COMPLETA 200 ML.,3683.0,Atomo,https://atomoconviene.com/atomo-ecommerce/shampoo/79291-shampoo-dove-recon-completa-200-ml---7791293046983.html,200
Shampoos,117,PURIF+JENGIBRE,DOVE,SHAMPOO DOVE PURIF+JENGIBRE 300 ML.,5785.0,Atomo,https://atomoconviene.com/atomo-ecommerce/shampoo/81466-shampoo-dove-purif-jengibre-300-ml---7891150081055.html,300
Shampoos,118,FUERZA DE RAIZ,HEAD & SHOULDERSOULDERS,SHAMPOO HEAD & SHOULDER FUERZA DE RAIZ 375 ML.,7875.0,Atomo,https://atomoconviene.com/atomo-ecommerce/shampoo/73465-shampoo-head---shoulder-fuerza-de-raiz-375-ml---7500435206716.html,375
Shampoos,119,COCO COMP SCALP,HEAD & SHOULDERSOULDERS,SHAMPOO HEAD & SHOULDER COCO COMP SCALP 375 ML.,7875.0,Atomo,https://atomoconviene.com/atomo-ecommerce/shampoo/11566-shampoo-head---shoulder-coco-comp-scalp-375-ml---7500435206488.html,375
Shampoos,120,APPLE COMP SCAL,HEAD & SHOULDERSOULDERS,SHAMPOO HEAD & SHOULDER APPLE COMP SCAL 375 ML.,7875.0,Atomo,https://atomoconviene.com/atomo-ecommerce/shampoo/6667-shampoo-head---shoulder-apple-comp-scal-375-ml---7500435206587.html,375
Shampoos,121,CAUTERIZACION,TRESEMME,SHAMPOO TRESEMME CAUTERIZACION 250 ML.,2232.6,Atomo,https://atomoconviene.com/atomo-ecommerce/shampoo/15093-shampoo-tresemme-cauterizacion-250-ml---7791293049991.html,250
Shampoos,122,FUERZA EXTREMA,INECTO,SHAMPOO INECTO FUERZA EXTREMA 400 ML.,4734.0,Atomo,https://atomoconviene.com/atomo-ecommerce/shampoo/69366-shampoo-inecto-fuerza-extrema-400-ml---7794740081384.html,400
Shampoos,123,PARA PIOJO LIMP Y CUIDADO,INECTO,SHAMPOO PARA PIOJO INECTO LIMP Y CUIDADO 400 ML,5889.0,Atomo,https://atomoconviene.com/atomo-ecommerce/shampoo/43222-shampoo-para-piojo-inecto-limp-y-cuidado-400-ml--7794740013064.html,400
Shampoos,124,INFANT. MIEL NATURAL,INECTO,SHAMPOO INFANT. INECTO MIEL NATURAL 400 ML.,5325.0,Atomo,https://atomoconviene.com/atomo-ecommerce/cuidado-del-bebe/90892-shampoo-infant--inecto-miel-natural-400-ml---7794740013040.html,400
Shampoos,125,SHOCK,INECTO,SHAMPOO INECTO SHOCK 400 ML.,4734.0,Atomo,https://atomoconviene.com/atomo-ecommerce/shampoo/90852-shampoo-inecto-shock-400-ml---7794740081032.html,400
Shampoos,126,BLINDAJE,INECTO,SHAMPOO INECTO BLINDAJE 400 ML.,4734.0,Atomo,https://atomoconviene.com/atomo-ecommerce/shampoo/90854-shampoo-inecto-blindaje-400-ml---7794740081056.html,400
Shampoos,127,EQUILIBRIO,PANTENE,SHAMPOO PANTENE EQUILIBRIO 400 ML.,6524.0,Atomo,https://atomoconviene.com/atomo-ecommerce/shampoo/29214-shampoo-pantene-equilibrio-400-ml---7500435209694.html,400
Shampoos,128,BOMBA JAZMIN,SUAVE,SHAMPOO FLIAR SUAVE BOMBA JAZMIN 930 ML.,3009.0,Atomo,https://atomoconviene.com/atomo-ecommerce/shampoo/56614-shampoo-fliar-suave-bomba-jazmin-930-ml---7791293050393.html,930
Shampoos,129,BOMBA CARBON,INECTO,SHAMPOO INECTO BOMBA CARBON 400 GRS,4734.0,Atomo,https://atomoconviene.com/atomo-ecommerce/shampoo/69386-shampoo-inecto-bomba-carbon-400-grs--7794740081445.html,400
Shampoos,130,BOMBA FRUTAL,SUAVE,SHAMPOO FLIAR SUAVE BOMBA FRUTAL 930 ML.,3009.0,Atomo,https://atomoconviene.com/atomo-ecommerce/shampoo/84396-shampoo-fliar-suave-bomba-frutal-930-ml---7791293050409.html,930
Shampoos,131,BOMBA CERAMIDAS,SUAVE,SHAMPOO FLIAR SUAVE BOMBA CERAMIDAS 930 ML.,3009.0,Atomo,https://atomoconviene.com/atomo-ecommerce/shampoo/89850-shampoo-fliar-suave-bomba-ceramidas-930-ml---7791293050386.html,930
Shampoos,132,CERAMIDAS,SEDAL,SHAMPOO SEDAL CERAMIDAS 190 ML.,2521.0,Atomo,https://atomoconviene.com/atomo-ecommerce/shampoo/27594-shampoo-sedal-ceramidas-190-ml---7791293045658.html,190
Shampoos,133,CREMA BALANCE,SEDAL,SHAMPOO SEDAL CREMA BALANCE 190 ML.,2521.0,Atomo,https://atomoconviene.com/atomo-ecommerce/shampoo/30578-shampoo-sedal-crema-balance-190-ml---7791293045665.html,190
Shampoos,134,CREMA BALANCE DOY PACK,SEDAL,SHAMPOO SEDAL CREMA BALANCE 300 ML.,2788.0,Atomo,https://atomoconviene.com/atomo-ecommerce/shampoo/56864-shampoo-sedal-crema-balance-300-ml---7791293045719.html,300
Shampoos,135,CERAMIDAS DOY PACK,SEDAL,SHAMPOO SEDAL CERAMIDAS 300 ML.,2788.0,Atomo,https://atomoconviene.com/atomo-ecommerce/shampoo/45384-shampoo-sedal-ceramidas-300-ml---7791293045702.html,300
Shampoos,136,RESTAURACION INSTANTANEA DOY PACK,SEDAL,SHAMPOO SEDAL REST INSTANTANE 300 ML.,2788.0,Atomo,https://atomoconviene.com/atomo-ecommerce/shampoo/30697-shampoo-sedal-rest-instantane-300-ml---7791293045726.html,300
Shampoos,137,FUERZA ANTIOXID,PLUSBELLE,SHAMPOO FLIAR PLUSBELLE FUERZA ANTIOXID 1000 ML.,3159.0,Atomo,https://atomoconviene.com/atomo-ecommerce/shampoo/38776-shampoo-fliar-plusbelle-fuerza-antioxid-1000-ml---7790740001384.html,1000
Shampoos,138,ESENCIA LARGO SALUDABLE,PLUSBELLE,SHAMPOO FLIAR PLUSBELLE ESENC LARGO SALUDABLE 970 ML.,3141.0,Atomo,https://atomoconviene.com/atomo-ecommerce/shampoo/53356-shampoo-fliar-plusbelle-esenc-largo-saludable-970-ml---7790740000455.html,970
Shampoos,139,B.LACIO LUMINOS,VO5,SHAMPOO FLIAR VO5 B.LACIO LUMINOS 790 ML.,2273.6,Atomo,https://atomoconviene.com/atomo-ecommerce/shampoo/64368-shampoo-fliar-vo5-b-lacio-luminos-790-ml---7791520050653.html,790
Shampoos,140,P/PIOJO KIDS ZERO PIOJOS,ALGABO,SHAMPOO P/PIOJO ALGABO KIDS ZERO PIOJOS 500 ML.,4392.0,Atomo,https://atomoconviene.com/atomo-ecommerce/inicio/34458-shampoo-p-piojo-algabo-kids-zero-piojos-500-ml---7791274199899.html,500
Shampoos,141,DETOX CAPILAR,TRESEMME,SHAMPOO TRESEMME DETOX CAPILAR 500 ML.,3666.6,Atomo,https://atomoconviene.com/atomo-ecommerce/shampoo/15090-shampoo-tresemme-detox-capilar-500-ml---7791293050232.html,500
Shampoos,142,OLEO NUTRICION,DOVE,SHAMPOO DOVE OLEO NUTRICION 200 ML.,3683.0,Atomo,https://atomoconviene.com/atomo-ecommerce/shampoo/79292-shampoo-dove-oleo-nutricion-200-ml---7791293046990.html,200
Shampoos,143,B.BRILLO Y VITA,VO5,SHAMPOO FLIAR VO5 B.BRILLO Y VITA 790 ML.,2273.6,Atomo,https://atomoconviene.com/atomo-ecommerce/shampoo/64377-shampoo-fliar-vo5-b-brillo-y-vita-790-ml---7791520050660.html,790
Shampoos,144,B.NUTRIC.INTEN,VO5,SHAMPOO FLIAR VO5 B.NUTRIC.INTEN 790 ML.,2273.6,Atomo,https://atomoconviene.com/atomo-ecommerce/shampoo/64441-shampoo-fliar-vo5-b-nutric-inten-790-ml---7791520050691.html,790
Shampoos,145,ELIXIR,INECTO,SHAMPOO INECTO ELIXIR 400 ML.,4734.0,Atomo,https://atomoconviene.com/atomo-ecommerce/shampoo/90851-shampoo-inecto-elixir-400-ml---7794740081018.html,400
Shampoos,146,LIMP Y REVITAL,HEAD & SHOULDERSOULDERS,SHAMPOO HEAD & SHOULDER LIMP Y REVITAL 180 ML.,4703.0,Atomo,https://atomoconviene.com/atomo-ecommerce/shampoo/38572-shampoo-head---shoulder-limp-y-revital-180-ml---7500435202671.html,180
Shampoos,147,LIMP Y REVITAL,HEAD & SHOULDERSOULDERS,SHAMPOO HEAD & SHOULDER LIMP Y REVITAL 375 ML.,7875.0,Atomo,https://atomoconviene.com/atomo-ecommerce/shampoo/38578-shampoo-head---shoulder-limp-y-revital-375-ml---7500435202695.html,375
Shampoos,148,INFANTIL 2EN1 SAND SURFE,SUAVE,SHAMPOO INFANTIL SUAVE 2EN1 SAND SURFE 350 ML,4016.0,Atomo,https://atomoconviene.com/atomo-ecommerce/cuidado-del-bebe/76449-shampoo-infantil-suave-2en1-sand-surfe-350-ml--7791293027883.html,350
Shampoos,149,PARA BEBE BABY ORIGINAL,JOHNSONS,SHAMPOO PARA BEBE JOHNSON BABY ORIGINAL 200 ML.,5034.0,Atomo,https://atomoconviene.com/atomo-ecommerce/cuidado-del-bebe/78426-shampoo-para-bebe-johnson-baby-original-200-ml---7790010003162.html,200
Shampoos,150,PARA BEBE BABY CABELLO CLARO,JOHNSONS,SHAMPOO PARA BEBE JOHNSON BABY CABELLO CLARO 200 ML.,5034.0,Atomo,https://atomoconviene.com/atomo-ecommerce/cuidado-del-bebe/78363-shampoo-para-bebe-johnson-baby-cabello-claro-200-ml---7790010003063.html,200
Yerbas,151,COMPUESTA MEZCLA DE HIERBAS,PRO BELL,YERBA COMPUESTA PRO BELL MEZCLA DE HIERBAS 500 GRS,1148.0,Atomo,https://atomoconviene.com/atomo-ecommerce/yerba-mate/96921-yerba-compuesta-pro-bell-mezcla-de-hierbas-500-grs--7793395000436.html,500
Yerbas,152,POMELO,CBSE,YERBA COMP. CBSE POMELO 500 GRS,1812.0,Atomo,https://atomoconviene.com/atomo-ecommerce/yerba-mate/79979-yerba-comp--cbse-pomelo-500-grs--7790710334610.html,500
Yerbas,153,SIN PALO,ROSAMONTE,YERBA S.PALO ROSAMONTE  1000 GRS,4987.0,Atomo,https://atomoconviene.com/atomo-ecommerce/yerba-mate/64235-yerba-s-palo-rosamonte--1000-grs--7790411000807.html,1000
Yerbas,154,COCO,CACHAMATE,YERBA COMP. CACHAMATE COCO 500 GRS,1629.9,Atomo,https://atomoconviene.com/atomo-ecommerce/yerba-mate/61590-yerba-comp--cachamate-coco-500-grs--7792280005785.html,500
Yerbas,155,CON PALO ORIGINAL,LIEBIG,YERBA C/PALO LIEBIG ORIGINAL 500 GRS,2537.0,Atomo,https://atomoconviene.com/atomo-ecommerce/yerba-mate/60488-yerba-c-palo-liebig-original-500-grs--7793704000805.html,500
Yerbas,156,NARANJA,CACHAMATE,YERBA COMP. CACHAMATE NARANJA 500 GRS,1629.9,Atomo,https://atomoconviene.com/atomo-ecommerce/yerba-mate/58799-yerba-comp--cachamate-naranja-500-grs--7792280000285.html,500
Yerbas,157,MATE CON PALO,CACHAMAI,YERBA MATE CACHAMAI CON PALO 500 GRS,1590.0,Atomo,https://atomoconviene.com/atomo-ecommerce/yerba-mate/33928-yerba-mate-cachamai-con-palo-500-grs--7792280006140.html,500
Yerbas,158,CON PALO S/TACC,CHAMIGO,YERBA C/PALO CHAMIGO S/TACC 500 GRS,1616.0,Atomo,https://atomoconviene.com/atomo-ecommerce/yerba-mate/12495-yerba-c-palo-chamigo-s-tacc-500-grs--7790070509123.html,500
Yerbas,159,HIERBAS,VERDEFLOR,YERBA COMP. VERDEFLOR HIERBAS 1000 GRS,2902.0,Atomo,https://atomoconviene.com/atomo-ecommerce/yerba-mate/11271-yerba-comp--verdeflor-hierbas-1000-grs--7793670000076.html,1000
Yerbas,160,HIERBAS,VERDEFLOR,YERBA COMP. VERDEFLOR HIERBAS 500 GRS,1500.0,Atomo,https://atomoconviene.com/atomo-ecommerce/yerba-mate/60495-yerba-comp--verdeflor-hierbas-500-grs--7793670000052.html,500
Yerbas,161,CEDRON,VERDEFLOR,YERBA COMP. VERDEFLOR CEDRON 500 GRS,1500.0,Atomo,https://atomoconviene.com/atomo-ecommerce/yerba-mate/10256-yerba-comp--verdeflor-cedron-500-grs--7793670400517.html,500
Yerbas,162,BOLDO,VERDEFLOR,YERBA COMP. VERDEFLOR +BOLDO 500 GRS,1500.0,Atomo,https://atomoconviene.com/atomo-ecommerce/yerba-mate/86028-yerba-comp--verdeflor--boldo-500-grs--7793670000014.html,500
Yerbas,163,BOLDO,VERDEFLOR,YERBA COMP. VERDEFLOR +BOLDO 1000 GRS,2902.0,Atomo,https://atomoconviene.com/atomo-ecommerce/yerba-mate/45716-yerba-comp--verdeflor--boldo-1000-grs--7793670400524.html,1000
Yerbas,164,CON PALO,PLAYADITO,YERBA C/PALO PLAYADITO   500 GRS,2177.0,Atomo,https://atomoconviene.com/atomo-ecommerce/yerba-mate/56315-yerba-c-palo-playadito---500-grs--7793704000911.html,500
Yerbas,165,CON PALO SUAVE PLUS,ROSAMONTE,YERBA C/PALO ROSAMONTE SUAVE PLUS 500 GRS,1684.0,Atomo,https://atomoconviene.com/atomo-ecommerce/yerba-mate/56582-yerba-c-palo-rosamonte-suave-plus-500-grs--7790411001521.html,500
Yerbas,166,SIN PALO,ROSAMONTE,YERBA S/PALO ROSAMONTE   500 GRS,2130.0,Atomo,https://atomoconviene.com/atomo-ecommerce/yerba-mate/64245-yerba-s-palo-rosamonte---500-grs--7790411000814.html,500
Yerbas,167,CON PALO ESPECIAL,ROSAMONTE,YERBA C/PALO ROSAMONTE ESPECIAL 500 GRS,2779.0,Atomo,https://atomoconviene.com/atomo-ecommerce/yerba-mate/73953-yerba-c-palo-rosamonte-especial-500-grs--7790411000029.html,500
Yerbas,168,CON PALO ESPECIAL,ROSAMONTE,YERBA C/PALO ROSAMONTE ESPECIAL 1000 GRS,5882.0,Atomo,https://atomoconviene.com/atomo-ecommerce/yerba-mate/73940-yerba-c-palo-rosamonte-especial-1000-grs--7790411000012.html,1000
Yerbas,169,SIN PALO 4FLEX,TARAGUI,YERBA S/PALO TARAGUI 4FLEX 500 GRS,2783.0,Atomo,https://atomoconviene.com/atomo-ecommerce/yerba-mate/59424-yerba-s-palo-taragui-4flex-500-grs--7790387013504.html,500
Yerbas,170,CON PALO S/TACC,CHAMIGO,YERBA C/PALO CHAMIGO S/TACC 1000 GRS,3068.0,Atomo,https://atomoconviene.com/atomo-ecommerce/yerba-mate/12510-yerba-c-palo-chamigo-s-tacc-1000-grs--7790070509017.html,1000
Yerbas,171,CON PALO SUAVE,AMANDA,YERBA C/PALO AMANDA SUAVE 500 GRS,2116.0,Atomo,https://atomoconviene.com/atomo-ecommerce/yerba-mate/62334-yerba-c-palo-amanda-suave-500-grs--7792710006436.html,500
Yerbas,172,CON PALO TRADICIONAL,AMANDA,YERBA C/PALO AMANDA TRADICIONAL 1000 GRS,3748.0,Atomo,https://atomoconviene.com/atomo-ecommerce/yerba-mate/66723-yerba-c-palo-amanda-tradicional-1000-grs--7792710000175.html,1000
Yerbas,173,CON PALO TRADICIONAL,AMANDA,YERBA C/PALO AMANDA TRADICIONAL 500 GRS,1802.0,Atomo,https://atomoconviene.com/atomo-ecommerce/yerba-mate/23523-yerba-c-palo-amanda-tradicional-500-grs--7792710000182.html,500
Yerbas,174,SIN PALO AZUL,AMANDA,YERBA S/PALO AMANDA AZUL 1000 GRS,3952.0,Atomo,https://atomoconviene.com/atomo-ecommerce/yerba-mate/64495-yerba-s-palo-amanda-azul-1000-grs--7792710000373.html,1000
Yerbas,175,SIN PALO AZUL,AMANDA,YERBA S/PALO AMANDA AZUL 500 GRS,1869.3,Atomo,https://atomoconviene.com/atomo-ecommerce/yerba-mate/79353-yerba-s-palo-amanda-azul-500-grs--7792710000380.html,500
Yerbas,176,HIERBAS SERRANA,AMANDA,YERBA COMP. AMANDA HIERBAS SERRANA 500 GRS,1657.0,Atomo,https://atomoconviene.com/atomo-ecommerce/yerba-mate/78914-yerba-comp--amanda-hierbas-serrana-500-grs--7792710006450.html,500
Yerbas,177,JENGIBRE,CBSE,YERBA COMP. CBSE JENGIBRE 500 GRS,1812.0,Atomo,https://atomoconviene.com/atomo-ecommerce/yerba-mate/79983-yerba-comp--cbse-jengibre-500-grs--7790710003332.html,500
Yerbas,178,SILUETA NARANJA,CBSE,YERBA COMP. CBSE SILUETA NARANJA 500 GRS,1812.0,Atomo,https://atomoconviene.com/atomo-ecommerce/yerba-mate/79971-yerba-comp--cbse-silueta-naranja-500-grs--7790710334641.html,500
Yerbas,179,LIMON,CBSE,YERBA COMP. CBSE LIMON 500 GRS,1812.0,Atomo,https://atomoconviene.com/atomo-ecommerce/yerba-mate/79973-yerba-comp--cbse-limon-500-grs--7790710334597.html,500
Yerbas,180,NARANJA,CBSE,YERBA COMP. CBSE NARANJA 500 GRS,1812.0,Atomo,https://atomoconviene.com/atomo-ecommerce/yerba-mate/79976-yerba-comp--cbse-naranja-500-grs--7790710334580.html,500
Yerbas,181,LITORAL,CBSE,YERBA COMP. CBSE LITORAL 500 GRS,1812.0,Atomo,https://atomoconviene.com/atomo-ecommerce/yerba-mate/27975-yerba-comp--cbse-litoral-500-grs--7790710334672.html,500
Yerbas,182,HIERBAS SERRANA,CBSE,YERBA COMP. CBSE HIERBAS SERRANA 500 GRS,1812.0,Atomo,https://atomoconviene.com/atomo-ecommerce/yerba-mate/79960-yerba-comp--cbse-hierbas-serrana-500-grs--7790710334535.html,500
Yerbas,183,CON PALO LIVIANA 4FLEX,UNION,YERBA C/PALO UNION LIVIANA 4FLEX 500 GRS,2456.0,Atomo,https://atomoconviene.com/atomo-ecommerce/yerba-mate/59388-yerba-c-palo-union-liviana-4flex-500-grs--7790387014143.html,500
Yerbas,184,CON PALO 4 FLEX,MANANITA,YERBA C/PALO MAÃ‘ANITA 4 FLEX 500 GRS,2435.0,Atomo,https://atomoconviene.com/atomo-ecommerce/yerba-mate/53814-yerba-c-palo-mananita-4-flex-500-grs--7790387015324.html,500
Yerbas,185,HIERBAS SERRANA,CACHAMATE,YERBA COMP. CACHAMATE HIERBAS SERRANA 500 GRS,1482.3,Atomo,https://atomoconviene.com/atomo-ecommerce/yerba-mate/60565-yerba-comp--cachamate-hierbas-serrana-500-grs--7792280005730.html,500
Yerbas,186,SERRANA CEDRON,CACHAMATE,YERBA COMP. CACHAMATE SERRANA CEDRON 500 GRS,1482.3,Atomo,https://atomoconviene.com/atomo-ecommerce/yerba-mate/79408-yerba-comp--cachamate-serrana-cedron-500-grs--7792280000612.html,500
Yerbas,187,AMARILLA,CACHAMATE,YERBA COMP. CACHAMATE AMARILLA 500 GRS,1482.3,Atomo,https://atomoconviene.com/atomo-ecommerce/yerba-mate/54636-yerba-comp--cachamate-amarilla-500-grs--7792280005686.html,500
Yerbas,188,ROSA,CACHAMATE,YERBA COMP. CACHAMATE ROSA 500 GRS,1482.3,Atomo,https://atomoconviene.com/atomo-ecommerce/yerba-mate/32938-yerba-comp--cachamate-rosa-500-grs--7792280005693.html,500
Yerbas,189,CON PALO SUAVE ESPECIAL,LA TRANQUERA,YERBA C/PALO LA TRANQUERA SUAVE ESPECIAL 1000 GRS,4197.0,Atomo,https://atomoconviene.com/atomo-ecommerce/yerba-mate/41212-yerba-c-palo-la-tranquera-suave-especial-1000-grs--7790480089949.html,1000
Yerbas,190,CON PALO SUAVE ESPECIAL,LA TRANQUERA,YERBA C/PALO LA TRANQUERA SUAVE ESPECIAL 500 GRS,1869.0,Atomo,https://atomoconviene.com/atomo-ecommerce/yerba-mate/41158-yerba-c-palo-la-tranquera-suave-especial-500-grs--7790480089932.html,500
Yerbas,191,CON PALO SELECCION,CRUZ DE MALTA,YERBA C/PALO CRUZ DE MALTA SELECCION 500 GRS,2413.0,Atomo,https://atomoconviene.com/atomo-ecommerce/yerba-mate/50491-yerba-c-palo-cruz-de-malta-seleccion-500-grs--7790070507389.html,500
Yerbas,192,CON PALO,PRO BELL,YERBA C/PALO PRO BELL   500 GRS,1501.0,Atomo,https://atomoconviene.com/atomo-ecommerce/yerba-mate/58825-yerba-c-palo-pro-bell---500-grs--7793395000153.html,500
Yerbas,193,SIN PALO ESTAC.NATURAL,ATOMO,YERBA S/PALO ATOMO ESTAC.NATURAL 500 GRS,1744.0,Atomo,https://atomoconviene.com/atomo-ecommerce/yerba-mate/64353-yerba-s-palo-atomo-estac-natural-500-grs--4407342643531.html,500
Yerbas,194,SERRANAS,PIPORE,YERBA COMP. PIPORE SERRANAS 500 GRS,1821.0,Atomo,https://atomoconviene.com/atomo-ecommerce/yerba-mate/6956-yerba-comp--pipore-serranas-500-grs--7793750000415.html,500
Yerbas,195,NARANJA,PIPORE,YERBA COMP. PIPORE NARANJA 500 GRS,1821.0,Atomo,https://atomoconviene.com/atomo-ecommerce/yerba-mate/37710-yerba-comp--pipore-naranja-500-grs--7793750000231.html,500
Yerbas,196,CID NARANJA,YERBACID,YERBA COMP. YERBACID NARANJA 500 GRS,1369.0,Atomo,https://atomoconviene.com/atomo-ecommerce/yerba-mate/14397-yerba-comp--yerbacid-naranja-500-grs--7798172360154.html,500
Yerbas,197,CID BOLDO,YERBACID,YERBA COMP. YERBACID BOLDO 500 GRS,1369.0,Atomo,https://atomoconviene.com/atomo-ecommerce/yerba-mate/24032-yerba-comp--yerbacid-boldo-500-grs--7798172360185.html,500
Yerbas,198,HIERBAS,BUENAS Y SANTAS,YERBA COMP. BUENAS Y SANTAS HIERBAS 500 GRS,2345.0,Atomo,https://atomoconviene.com/atomo-ecommerce/yerba-mate/40410-yerba-comp--buenas-y-santas-hierbas-500-grs--7790387800197.html,500
Yerbas,199,BOLDO,MAS SABOR,YERBA COMP. MAS SABOR BOLDO 500 GRS,1314.0,Atomo,https://atomoconviene.com/atomo-ecommerce/yerba-mate/9710-yerba-comp--mas-sabor-boldo-500-grs--7793395000405.html,500
Yerbas,200,HIERBAS SERANAS,MAS SABOR,YERBA COMP. MAS SABOR HIERBAS SERANAS 500 GRS,1314.0,Atomo,https://atomoconviene.com/atomo-ecommerce/yerba-mate/87963-yerba-comp--mas-sabor-hierbas-seranas-500-grs--7793395000108.html,500
Yerbas,201,NARANJA,MAS SABOR,YERBA COMP. MAS SABOR NARANJA 500 GRS,1642.0,Atomo,https://atomoconviene.com/atomo-ecommerce/yerba-mate/28575-yerba-comp--mas-sabor-naranja-500-grs--7793395000382.html,500
Yerbas,202,PEPERINA,MAS SABOR,YERBA COMP. MAS SABOR PEPERINA 500 GRS,1314.0,Atomo,https://atomoconviene.com/atomo-ecommerce/yerba-mate/28578-yerba-comp--mas-sabor-peperina-500-grs--7793395000412.html,500
Yerbas,203,HIERBAS PAMPEA,CACHAMATE,YERBA COMP. CACHAMATE HIERBAS PAMPEA 500 GRS,1482.3,Atomo,https://atomoconviene.com/atomo-ecommerce/yerba-mate/5498-yerba-comp--cachamate-hierbas-pampea-500-grs--7792280000094.html,500
Yerbas,204,LITORAL,CACHAMATE,YERBA COMP. CACHAMATE LITORAL 500 GRS,1482.3,Atomo,https://atomoconviene.com/atomo-ecommerce/yerba-mate/79406-yerba-comp--cachamate-litoral-500-grs--7792280000605.html,500
Yerbas,205,BURRITO,DON ARREGUI,YERBA COMP. DON ARREGUI BURRITO 500 GRS,1394.0,Atomo,https://atomoconviene.com/atomo-ecommerce/yerba-mate/28784-yerba-comp--don-arregui-burrito-500-grs--7798067630485.html,500
Yerbas,206,MENTA,DON ARREGUI,YERBA COMP. DON ARREGUI MENTA 500 GRS,1394.0,Atomo,https://atomoconviene.com/atomo-ecommerce/yerba-mate/88001-yerba-comp--don-arregui-menta-500-grs--7798067630041.html,500
Yerbas,207,C/BOLDO,DON ARREGUI,YERBA COMP. DON ARREGUI C/BOLDO 500 GRS,1414.0,Atomo,https://atomoconviene.com/atomo-ecommerce/yerba-mate/91997-yerba-comp--don-arregui-c-boldo-500-grs--7798067630508.html,500
Yerbas,208,PEPERINA,DON ARREGUI,YERBA COMP. DON ARREGUI PEPERINA 500 GRS,1394.0,Atomo,https://atomoconviene.com/atomo-ecommerce/yerba-mate/30967-yerba-comp--don-arregui-peperina-500-grs--7798067630034.html,500
Yerbas,209,CEDRON,DON ARREGUI,YERBA COMP. DON ARREGUI CEDRON 500 GRS,1394.0,Atomo,https://atomoconviene.com/atomo-ecommerce/yerba-mate/30970-yerba-comp--don-arregui-cedron-500-grs--7798067630027.html,500
Yerbas,210,CON PALO CAMPO,LA MERCED,YERBA C/PALO LA MERCED CAMPO 500 GRS,3794.0,Atomo,https://atomoconviene.com/atomo-ecommerce/yerba-mate/62078-yerba-c-palo-la-merced-campo-500-grs--7790387015607.html,500
Yerbas,211,MENTA,VERDEFLOR,YERBA COMP. VERDEFLOR +MENTA 500 GRS,1500.0,Atomo,https://atomoconviene.com/atomo-ecommerce/yerba-mate/44088-yerba-comp--verdeflor--menta-500-grs--7793670000670.html,500
Yerbas,212,CID HIERBAS SERRANA,YERBACID,YERBA COMP. YERBACID HIERBAS SERRANA 500 GRS,1369.0,Atomo,https://atomoconviene.com/atomo-ecommerce/yerba-mate/95767-yerba-comp--yerbacid-hierbas-serrana-500-grs--7792000000021.html,500
Yerbas,213,LIMON,MAS SABOR,YERBA COMP. MAS SABOR LIMON 500 GRS,1544.0,Atomo,https://atomoconviene.com/atomo-ecommerce/yerba-mate/28579-yerba-comp--mas-sabor-limon-500-grs--7793395000375.html,500
Yerbas,214,CON PALO,PLAYADITO,YERBA C/PALO PLAYADITO   1000 GRS,4070.0,Atomo,https://atomoconviene.com/atomo-ecommerce/yerba-mate/56312-yerba-c-palo-playadito---1000-grs--7793704000928.html,1000
Jabones,215,ANTIB. 3 EN 1,NIVEA,JABON ANTIB. NIVEA 3 EN 1 270 GRS,3238.0,Atomo,https://atomoconviene.com/atomo-ecommerce/jabones/91743-jabon-antib--nivea-3-en-1-270-grs--4006000050461.html,270
Jabones,216,GLICERINA ORQUIDEAS,NIVEA,JABON GLICERINA NIVEA ORQUIDEAS 270 GRS,3261.0,Atomo,https://atomoconviene.com/atomo-ecommerce/jabones/91742-jabon-glicerina-nivea-orquideas-270-grs--4006000050201.html,270
Jabones,217,GLICERINA BROMELIA,LUX,JABON GLICERINA LUX BROMELIA 270 GRS,2327.65,Atomo,https://atomoconviene.com/atomo-ecommerce/jabones/80730-jabon-glicerina-lux-bromelia-270-grs--7791293048055.html,270
Jabones,218,COTTON,REXONA,JABON TOCADOR REXONA COTTON 120 GRS,938.0,Atomo,https://atomoconviene.com/atomo-ecommerce/jabones/77731-jabon-tocador-rexona-cotton-120-grs--7791293050980.html,120
Jabones,219,FLOR VAINILLA,LUX,JABON TOCADOR LUX FLOR VAINILLA 120 GRS,1047.0,Atomo,https://atomoconviene.com/atomo-ecommerce/jabones/74313-jabon-tocador-lux-flor-vainilla-120-grs--7791293050782.html,120
Jabones,220,PIEL SENSIBLE,DOVE,JABON TOCADOR DOVE PIEL SENSIBLE 90 GRS,1644.0,Atomo,https://atomoconviene.com/atomo-ecommerce/jabones/74021-jabon-tocador-dove-piel-sensible-90-grs--7891150095618.html,90
Jabones,221,ROSAS FRANCESAS,LUX,JABON TOCADOR LUX ROSAS FRANCESAS 360 GRS,2710.0,Atomo,https://atomoconviene.com/atomo-ecommerce/jabones/69067-jabon-tocador-lux-rosas-francesas-360-grs--7791293050836.html,360
Jabones,222,GLICERINA BROMELIA,LUX,JABON GLICERINA LUX BROMELIA 90 GRS,898.3,Atomo,https://atomoconviene.com/atomo-ecommerce/jabones/69065-jabon-glicerina-lux-bromelia-90-grs--7791293047850.html,90
Jabones,223,SENSIBLE,REXONA,JABON TOCADOR REXONA SENSIBLE 360 GRS,2507.0,Atomo,https://atomoconviene.com/atomo-ecommerce/jabones/40346-jabon-tocador-rexona-sensible-360-grs--7791293050911.html,360
Jabones,224,GLICERINA MANZANILLA,LUX,JABON GLICERINA LUX MANZANILLA 90 GRS,898.3,Atomo,https://atomoconviene.com/atomo-ecommerce/jabones/37117-jabon-glicerina-lux-manzanilla-90-grs--7791293047874.html,90
Jabones,225,SENSIBLE,REXONA,JABON TOCADOR REXONA SENSIBLE 120 GRS,938.0,Atomo,https://atomoconviene.com/atomo-ecommerce/jabones/36945-jabon-tocador-rexona-sensible-120-grs--7791293050966.html,120
Jabones,226,ORQUIDEA NEGRA,LUX,JABON TOCADOR LUX ORQUIDEA NEGRA 360 GRS,2710.0,Atomo,https://atomoconviene.com/atomo-ecommerce/jabones/21308-jabon-tocador-lux-orquidea-negra-360-grs--7791293050829.html,360
Jabones,227,LIRIO AZUL,LUX,JABON TOCADOR LUX LIRIO AZUL 120 GRS,1047.0,Atomo,https://atomoconviene.com/atomo-ecommerce/jabones/19424-jabon-tocador-lux-lirio-azul-120-grs--7791293050850.html,120
Jabones,228,ROSAS FRANCESAS,LUX,JABON TOCADOR LUX ROSAS FRANCESAS 120 GRS,1047.0,Atomo,https://atomoconviene.com/atomo-ecommerce/jabones/19420-jabon-tocador-lux-rosas-francesas-120-grs--7791293050874.html,120
Jabones,229,JAZMIN CREMOSO,LUX,JABON TOCADOR LUX JAZMIN CREMOSO 120 GRS,1047.0,Atomo,https://atomoconviene.com/atomo-ecommerce/jabones/19418-jabon-tocador-lux-jazmin-cremoso-120-grs--7791293050843.html,120
Jabones,230,ORQUIDEA NEGRA,LUX,JABON TOCADOR LUX ORQUIDEA NEGRA 120 GRS,1047.0,Atomo,https://atomoconviene.com/atomo-ecommerce/jabones/16793-jabon-tocador-lux-orquidea-negra-120-grs--7791293050867.html,120
Jabones,231,GLICERINA LEMON Y FLORES,LUX,JABON GLICERINA LUX LEMON Y FLORES 90 GRS,898.3,Atomo,https://atomoconviene.com/atomo-ecommerce/jabones/15538-jabon-glicerina-lux-lemon-y-flores-90-grs--7791293047812.html,90
Jabones,232,FUTBOL FANATICS,REXONA,JABON TOCADOR REXONA FUTBOL FANATICS 360 GRS,2507.0,Atomo,https://atomoconviene.com/atomo-ecommerce/jabones/14673-jabon-tocador-rexona-futbol-fanatics-360-grs--7791293050942.html,360
Jabones,233,GLICERINA MANZANILLA,LUX,JABON GLICERINA LUX MANZANILLA 270 GRS,2327.65,Atomo,https://atomoconviene.com/atomo-ecommerce/jabones/13915-jabon-glicerina-lux-manzanilla-270-grs--7791293047959.html,270
Jabones,234,HIDRATANTE,DUC,JABON TOCADOR DUC HIDRATANTE 110 GRS,540.6,Atomo,https://atomoconviene.com/atomo-ecommerce/jabones/13900-jabon-tocador-duc-hidratante-110-grs--7790828104907.html,110
Jabones,235,ARMONIC,DUC,JABON TOCADOR DUC ARMONIC 110 GRS,540.6,Atomo,https://atomoconviene.com/atomo-ecommerce/jabones/13885-jabon-tocador-duc-armonic-110-grs--7790828104877.html,110
Jabones,236,GLICERINA LEMON Y FLORES,LUX,JABON GLICERINA LUX LEMON Y FLORES 270 GRS,2327.65,Atomo,https://atomoconviene.com/atomo-ecommerce/jabones/13843-jabon-glicerina-lux-lemon-y-flores-270-grs--7791293048048.html,270
Jabones,237,ESENC TODO TIPO PIEL,PLUSBELLE,JABON TOCADOR PLUSBELLE ESENC TODO TIPO PIEL 120 GRS,895.0,Atomo,https://atomoconviene.com/atomo-ecommerce/jabones/8498-jabon-tocador-plusbelle-esenc-todo-tipo-piel-120-grs--7790740000691.html,120
Jabones,238,ESENC PIEL SENSIBLE,PLUSBELLE,JABON TOCADOR PLUSBELLE ESENC PIEL SENSIBLE 120 GRS,895.0,Atomo,https://atomoconviene.com/atomo-ecommerce/jabones/9472-jabon-tocador-plusbelle-esenc-piel-sensible-120-grs--7790740000707.html,120
Jabones,239,ESENC PIEL RELAJ,PLUSBELLE,JABON TOCADOR PLUSBELLE ESENC PIEL RELAJ 120 GRS,895.0,Atomo,https://atomoconviene.com/atomo-ecommerce/jabones/9510-jabon-tocador-plusbelle-esenc-piel-relaj-120-grs--7790740000714.html,120
Jabones,240,RELAX,DUC,JABON TOCADOR DUC RELAX 110 GRS,540.6,Atomo,https://atomoconviene.com/atomo-ecommerce/jabones/13897-jabon-tocador-duc-relax-110-grs--7790828104884.html,110
Jabones,241,CITRUS,DUC,JABON TOCADOR DUC CITRUS 110 GRS,540.6,Atomo,https://atomoconviene.com/atomo-ecommerce/jabones/13899-jabon-tocador-duc-citrus-110-grs--7790828104891.html,110
Jabones,242,ARMONIC,DUC,JABON TOCADOR DUC ARMONIC 330 GRS,1819.0,Atomo,https://atomoconviene.com/atomo-ecommerce/jabones/22674-jabon-tocador-duc-armonic-330-grs--7790828105126.html,330
Jabones,243,CITRUS,DUC,JABON TOCADOR DUC CITRUS 330 GRS,1819.0,Atomo,https://atomoconviene.com/atomo-ecommerce/jabones/22678-jabon-tocador-duc-citrus-330-grs--7790828105133.html,330
Jabones,244,NUTRICION,PLUSBELLE,JABON TOCADOR PLUSBELLE NUTRICION 120 GRS,744.3,Atomo,https://atomoconviene.com/atomo-ecommerce/jabones/85085-jabon-tocador-plusbelle-nutricion-120-grs--7790990000809.html,120
Jabones,245,RADIANTE,PLUSBELLE,JABON TOCADOR PLUSBELLE RADIANTE 120 GRS,744.3,Atomo,https://atomoconviene.com/atomo-ecommerce/jabones/85086-jabon-tocador-plusbelle-radiante-120-grs--7790990000816.html,120
Jabones,246,HUMECTACION,PLUSBELLE,JABON TOCADOR PLUSBELLE HUMECTACION 120 GRS,744.3,Atomo,https://atomoconviene.com/atomo-ecommerce/jabones/85092-jabon-tocador-plusbelle-humectacion-120-grs--7790990000823.html,120
Jabones,247,FRESCURA,PLUSBELLE,JABON TOCADOR PLUSBELLE FRESCURA 120 GRS,744.3,Atomo,https://atomoconviene.com/atomo-ecommerce/jabones/85094-jabon-tocador-plusbelle-frescura-120-grs--7790990000830.html,120
Jabones,248,ENERGIA,PLUSBELLE,JABON TOCADOR PLUSBELLE ENERGIA 120 GRS,744.3,Atomo,https://atomoconviene.com/atomo-ecommerce/jabones/85106-jabon-tocador-plusbelle-energia-120-grs--7790990000847.html,120
Jabones,249,RELAJACION,PLUSBELLE,JABON TOCADOR PLUSBELLE RELAJACION 120 GRS,744.3,Atomo,https://atomoconviene.com/atomo-ecommerce/jabones/85108-jabon-tocador-plusbelle-relajacion-120-grs--7790990000854.html,120
Jabones,250,HUMECTACION,PLUSBELLE,JABON TOCADOR PLUSBELLE HUMECTACION 360 GRS,1794.75,Atomo,https://atomoconviene.com/atomo-ecommerce/jabones/85109-jabon-tocador-plusbelle-humectacion-360-grs--7790990000861.html,360
Jabones,251,FRESCURA,PLUSBELLE,JABON TOCADOR PLUSBELLE FRESCURA 360 GRS,1794.75,Atomo,https://atomoconviene.com/atomo-ecommerce/jabones/85112-jabon-tocador-plusbelle-frescura-360-grs--7790990000878.html,360
Jabones,252,RELAJACION,PLUSBELLE,JABON TOCADOR PLUSBELLE RELAJACION 360 GRS,1794.75,Atomo,https://atomoconviene.com/atomo-ecommerce/jabones/85115-jabon-tocador-plusbelle-relajacion-360-grs--7790990000885.html,360
Jabones,253,ENERGIA,PLUSBELLE,JABON TOCADOR PLUSBELLE ENERGIA 360 GRS,1794.75,Atomo,https://atomoconviene.com/atomo-ecommerce/jabones/85116-jabon-tocador-plusbelle-energia-360-grs--7790990000892.html,360
Jabones,254,NUTRICION,PLUSBELLE,JABON TOCADOR PLUSBELLE NUTRICION 360 GRS,1794.75,Atomo,https://atomoconviene.com/atomo-ecommerce/jabones/85132-jabon-tocador-plusbelle-nutricion-360-grs--7790990000908.html,360
Jabones,255,RADIANTE,PLUSBELLE,JABON TOCADOR PLUSBELLE RADIANTE 360 GRS,1794.75,Atomo,https://atomoconviene.com/atomo-ecommerce/jabones/85133-jabon-tocador-plusbelle-radiante-360-grs--7790990000915.html,360
Jabones,256,ANTIB. FRESH,REXONA,JABON ANTIB. REXONA FRESH 270 GRS,2482.0,Atomo,https://atomoconviene.com/atomo-ecommerce/jabones/89609-jabon-antib--rexona-fresh-270-grs--7791293046914.html,270
Jabones,257,EXFOLIACION,DOVE,JABON TOCADOR DOVE EXFOLIACION 90 GRS,1644.0,Atomo,https://atomoconviene.com/atomo-ecommerce/jabones/40477-jabon-tocador-dove-exfoliacion-90-grs--7898422746827.html,90
Jabones,258,BLANCO,DOVE,JABON TOCADOR DOVE BLANCO 90 GRS,1644.0,Atomo,https://atomoconviene.com/atomo-ecommerce/jabones/40476-jabon-tocador-dove-blanco-90-grs--7791293048543.html,90
Jabones,259,ENERGIA NUT GLI,CAMPOS VERDES,JABON TOCADOR CAMPOS VERDES ENERGIA NUT GLI 120 GRS,655.0,Atomo,https://atomoconviene.com/atomo-ecommerce/jabones/54995-jabon-tocador-campos-verdes-energia-nut-gli-120-grs--7790990000977.html,120
Jabones,260,FRESCURA NUT GL,CAMPOS VERDES,JABON TOCADOR CAMPOS VERDES FRESCURA NUT GL 120 GRS,655.0,Atomo,https://atomoconviene.com/atomo-ecommerce/jabones/54999-jabon-tocador-campos-verdes-frescura-nut-gl-120-grs--7790990000984.html,120
Jabones,261,PAUSA NUT GLI,CAMPOS VERDES,JABON TOCADOR CAMPOS VERDES PAUSA NUT GLI 120 GRS,655.0,Atomo,https://atomoconviene.com/atomo-ecommerce/jabones/54960-jabon-tocador-campos-verdes-pausa-nut-gli-120-grs--7790990000960.html,120
Jabones,262,AROMATERAPIA NG,CAMPOS VERDES,JABON TOCADOR CAMPOS VERDES AROMATERAPIA NG 120 GRS,655.0,Atomo,https://atomoconviene.com/atomo-ecommerce/jabones/55025-jabon-tocador-campos-verdes-aromaterapia-ng-120-grs--7790990000991.html,120
Jabones,263,AROMATERAPIA NG,CAMPOS VERDES,JABON TOCADOR CAMPOS VERDES AROMATERAPIA NG 360 GRS,1985.0,Atomo,https://atomoconviene.com/atomo-ecommerce/jabones/55047-jabon-tocador-campos-verdes-aromaterapia-ng-360-grs--7790990000953.html,360
Jabones,264,PAUSA NUT GLI,CAMPOS VERDES,JABON TOCADOR CAMPOS VERDES PAUSA NUT GLI 360 GRS,1985.0,Atomo,https://atomoconviene.com/atomo-ecommerce/jabones/55033-jabon-tocador-campos-verdes-pausa-nut-gli-360-grs--7790990000922.html,360
Jabones,265,ENERGIA NUT GLI,CAMPOS VERDES,JABON TOCADOR CAMPOS VERDES ENERGIA NUT GLI 360 GRS,1985.0,Atomo,https://atomoconviene.com/atomo-ecommerce/jabones/55037-jabon-tocador-campos-verdes-energia-nut-gli-360-grs--7790990000939.html,360
Jabones,266,FRESCURA NUT GL,CAMPOS VERDES,JABON TOCADOR CAMPOS VERDES FRESCURA NUT GL 360 GRS,1985.0,Atomo,https://atomoconviene.com/atomo-ecommerce/jabones/55040-jabon-tocador-campos-verdes-frescura-nut-gl-360-grs--7790990000946.html,360
Jabones,267,ANTIBACTERIAL,PROTEX,JABON ANTIBACTERIAL PROTEX 125 GRS,1510.0,Atomo,https://atomoconviene.com/atomo-ecommerce/jabones/1252-jabon-antibacterial-protex-125-grs--7891024034019.html,125
Jabones,268,ANTIB. AVENA,PROTEX,JABON ANTIB. PROTEX AVENA 125 GRS,1510.0,Atomo,https://atomoconviene.com/atomo-ecommerce/jabones/29305-jabon-antib--protex-avena-125-grs--7891024114261.html,125
Jabones,269,VITALIDAD CITRI,LIMOL,JABON TOCADOR LIMOL VITALIDAD CITRI 270 GRS,1442.0,Atomo,https://atomoconviene.com/atomo-ecommerce/jabones/54655-jabon-tocador-limol-vitalidad-citri-270-grs--7790990001950.html,270
Jabones,270,BOUQUET DE FLOR,LIMOL,JABON TOCADOR LIMOL BOUQUET DE FLOR 270 GRS,1442.0,Atomo,https://atomoconviene.com/atomo-ecommerce/jabones/54656-jabon-tocador-limol-bouquet-de-flor-270-grs--7790990001967.html,270
Jabones,271,SECRETO CREMOSO,LIMOL,JABON TOCADOR LIMOL SECRETO CREMOSO 270 GRS,1442.0,Atomo,https://atomoconviene.com/atomo-ecommerce/jabones/82967-jabon-tocador-limol-secreto-cremoso-270-grs--7790990001974.html,270
Jabones,272,GLICERINA U.REFRESCANTE,VERITAS,JABON GLICERINA VERITAS U.REFRESCANTE 120 GRS,989.0,Atomo,https://atomoconviene.com/atomo-ecommerce/jabones/87916-jabon-glicerina-veritas-u-refrescante-120-grs--7791520003161.html,120
Jabones,273,GLICERINA U. ACEITES ESENCIALES,VERITAS,JABON GLICERINA VERITAS U.ACEITE.ESE. 120 GRS,989.0,Atomo,https://atomoconviene.com/atomo-ecommerce/jabones/99113-jabon-glicerina-veritas-u-aceite-ese--120-grs--7791520004137.html,120
Jabones,274,AVENA,NIVEA,JABON TOCADOR NIVEA AVENA 375 GRS,3238.0,Atomo,https://atomoconviene.com/atomo-ecommerce/jabones/5737-jabon-tocador-nivea-avena-375-grs--4005900683830.html,375
Jabones,275,COCO PURO CLASICO,ESTRELLA,JABON TOCADOR ESTRELLA COCO PURO CLASICO 100 GRS,1460.0,Atomo,https://atomoconviene.com/atomo-ecommerce/jabones/48997-jabon-tocador-estrella-coco-puro-clasico-100-grs--7790064004566.html,100
Fideos,276,LETRITAS,LUCCHETTI,FIDEOS SOPEROS LUCCHETTI LETRITAS 500 GRS,1285.0,Atomo,https://atomoconviene.com/atomo-ecommerce/pastas-secas-guiseras/3221-fideos-soperos-lucchetti-letritas-500-grs--7790070318381.html,500
Fideos,277,MOSTACHOL RAYAD,FAVORITA,FIDEOS GUISEROS FAVORITA MOSTACHOL RAYAD 500 GRS,926.0,Atomo,https://atomoconviene.com/atomo-ecommerce/pastas-secas-guiseras/7454-fideos-guiseros-favorita-mostachol-rayad-500-grs--7790070320315.html,500
Fideos,278,TIRABUZON,FAVORITA,FIDEOS GUISEROS FAVORITA TIRABUZON 500 GRS,926.0,Atomo,https://atomoconviene.com/atomo-ecommerce/pastas-secas-guiseras/7591-fideos-guiseros-favorita-tirabuzon-500-grs--7790070317742.html,500
Fideos,279,MO#O GRANDE,BAUZA,FIDEOS GUISEROS BAUZA MO#O GRANDE 500 GRS,1254.0,Atomo,https://atomoconviene.com/atomo-ecommerce/pastas-secas-guiseras/8447-fideos-guiseros-bauza-mo-o-grande-500-grs--7790744000215.html,500
Fideos,280,MONITA,BAUZA,FIDEOS SOPEROS BAUZA MOÃ‘ITA 500 GRS,1254.0,Atomo,https://atomoconviene.com/atomo-ecommerce/pastas-secas-guiseras/8454-fideos-soperos-bauza-monita-500-grs--7790744000499.html,500
Fideos,281,MUNICION,BAUZA,FIDEOS SOPEROS BAUZA B.MUNICIONES 500 GRS,978.0,Atomo,https://atomoconviene.com/atomo-ecommerce/pastas-secas-guiseras/8613-fideos-soperos-bauza-b-municiones-500-grs--7790744000147.html,500
Fideos,282,DEDALITO,BAUZA,FIDEOS SOPEROS BAUZA B.DEDALITOS 500 GRS,978.0,Atomo,https://atomoconviene.com/atomo-ecommerce/pastas-secas-guiseras/8666-fideos-soperos-bauza-b-dedalitos-500-grs--7790744000161.html,500
Fideos,283,ANILLO,BAUZA,FIDEOS SOPEROS BAUZA B.ANILLO 500 GRS,978.0,Atomo,https://atomoconviene.com/atomo-ecommerce/pastas-secas-guiseras/10939-fideos-soperos-bauza-b-anillo-500-grs--7790744000420.html,500
Fideos,284,DEDALITO,SAN AGUSTIN,FIDEOS SOPEROS SAN AGUSTIN DEDALITOS 500 GRS,744.0,Atomo,https://atomoconviene.com/atomo-ecommerce/pastas-secas-guiseras/14392-fideos-soperos-san-agustin-dedalitos-500-grs--7792180005045.html,500
Fideos,285,CABELLO DE ANGEL,SAN AGUSTIN,FIDEOS SOPEROS SAN AGUSTIN CABELLO ANGEL 500 GRS,984.0,Atomo,https://atomoconviene.com/atomo-ecommerce/pastas-secas-guiseras/14410-fideos-soperos-san-agustin-cabello-angel-500-grs--7792180005014.html,500
Fideos,286,TIRABUZON,BAUZA,FIDEOS GUISEROS BAUZA B.TIRABUZON 500 GRS,978.0,Atomo,https://atomoconviene.com/atomo-ecommerce/pastas-secas-guiseras/17963-fideos-guiseros-bauza-b-tirabuzon-500-grs--7790744000437.html,500
Fideos,287,PENETE,BAUZA,FIDEOS GUISEROS BAUZA PENETE 500 GRS,978.0,Atomo,https://atomoconviene.com/atomo-ecommerce/pastas-secas-guiseras/19610-fideos-guiseros-bauza-penete-500-grs--7790744000444.html,500
Fideos,288,MOSTACHOL,LA PROVIDENCIA,FIDEOS GUISEROS LA PROV. MOSTACHOL 500 GRS,750.0,Atomo,https://atomoconviene.com/atomo-ecommerce/pastas-secas-guiseras/51799-fideos-guiseros-la-prov--mostachol-500-grs--7798141970360.html,500
Fideos,289,TIRABUZON,LA PROVIDENCIA,FIDEOS GUISEROS LA PROV. TIRABUZON 500 GRS,750.0,Atomo,https://atomoconviene.com/atomo-ecommerce/pastas-secas-guiseras/53190-fideos-guiseros-la-prov--tirabuzon-500-grs--7798141970384.html,500
Fideos,290,DEDALITO,LA PROVIDENCIA,FIDEOS SOPEROS LA PROV. DEDALITO 500 GRS,750.0,Atomo,https://atomoconviene.com/atomo-ecommerce/pastas-secas-guiseras/55747-fideos-soperos-la-prov--dedalito-500-grs--7798141970421.html,500
Fideos,291,AVE MARIA,MATARAZZO,FIDEOS SOPEROS MATARAZZO AVE MARIA 500 GRS,1514.0,Atomo,https://atomoconviene.com/atomo-ecommerce/pastas-secas-guiseras/94562-fideos-soperos-matarazzo-ave-maria-500-grs--7790070320018.html,500
Fideos,292,CADE ANGEL,MATARAZZO,FIDEOS SOPEROS MATARAZZO CAB.DE ANGEL 500 GRS,2295.0,Atomo,https://atomoconviene.com/atomo-ecommerce/pastas-secas-guiseras/94850-fideos-soperos-matarazzo-cab-de-angel-500-grs--7790070320001.html,500
Fideos,293,NIDOS FETTUCHINI,LUCCHETTI,FIDEOS NIDOS LUCCHETTI FETTUCHINI 500 GRS,2065.0,Atomo,https://atomoconviene.com/atomo-ecommerce/pastas-secas-largas/4038-fideos-nidos-lucchetti-fettuchini-500-grs--7790070318312.html,500
Fideos,294,LARGOS TALLARIN,FAVORITA,FIDEOS LARGOS FAVORITA TALLARIN 500 GRS,926.0,Atomo,https://atomoconviene.com/atomo-ecommerce/pastas-secas-largas/7411-fideos-largos-favorita-tallarin-500-grs--7790070320292.html,500
Fideos,295,LARGOS SPAGUETTI,FAVORITA,FIDEOS LARGOS FAVORITA SPAGUETTI 500 GRS,926.0,Atomo,https://atomoconviene.com/atomo-ecommerce/pastas-secas-largas/7412-fideos-largos-favorita-spaguetti-500-grs--7790070320285.html,500
Fideos,296,NIDOS HUEVO,BAUZA,FIDEOS NIDOS BAUZA HUEVO 500 GRS,1621.0,Atomo,https://atomoconviene.com/atomo-ecommerce/pastas-secas-largas/8515-fideos-nidos-bauza-huevo-500-grs--7790744000079.html,500
Fideos,297,NIDOS ESPINACA,BAUZA,FIDEOS NIDOS BAUZA ESPINACA 500 GRS,1621.0,Atomo,https://atomoconviene.com/atomo-ecommerce/pastas-secas-largas/8522-fideos-nidos-bauza-espinaca-500-grs--7790744000239.html,500
Fideos,298,NIDOS ANCHOS,SAN AGUSTIN,FIDEOS NIDOS SAN AGUSTIN ANCHOS 500 GRS,984.0,Atomo,https://atomoconviene.com/atomo-ecommerce/pastas-secas-largas/14657-fideos-nidos-san-agustin-anchos-500-grs--7792180004994.html,500
Fideos,299,LARGOS SPAGHETTI,LUCIA,FIDEOS LARGOS LUCIA SPAGHETTI 500 GRS,800.0,Atomo,https://atomoconviene.com/atomo-ecommerce/pastas-secas-largas/25549-fideos-largos-lucia-spaghetti-500-grs--7798158520084.html,500
Fideos,300,LARGOS TALLARIN,LA PROVIDENCIA,FIDEOS LARGOS LA PROV. TALLARIN 500 GRS,750.0,Atomo,https://atomoconviene.com/atomo-ecommerce/pastas-secas-largas/51801-fideos-largos-la-prov--tallarin-500-grs--7798141970353.html,500
Fideos,301,NIDOS ANGOSTO,SAN AGUSTIN,FIDEOS NIDOS SAN AGUSTIN ANGOSTO 500 GRS,984.0,Atomo,https://atomoconviene.com/atomo-ecommerce/pastas-secas-largas/72665-fideos-nidos-san-agustin-angosto-500-grs--7792180005007.html,500
Fideos,302,NIDOS TAGLIATELLE,LA PROVIDENCIA,FIDEOS NIDOS LA PROV. TAGLIATELLE 500 GRS,1360.0,Atomo,https://atomoconviene.com/atomo-ecommerce/pastas-secas-largas/83367-fideos-nidos-la-prov--tagliatelle-500-grs--7798141971404.html,500
Fideos,303,LARGOS TALLARIN,LUCCHETTI,FIDEOS LARGOS LUCHETTI TALLARIN 500 GRS,1322.0,Atomo,https://atomoconviene.com/atomo-ecommerce/pastas-secas-largas/63702-fideos-largos-luchetti-tallarin-500-grs--7790070336118.html,500
Fideos,304,TIRABUZON,LUCCHETTI,FIDEOS GUISEROS LUCCHETTI TIRABUZON 500 GRS,1322.0,Atomo,https://atomoconviene.com/atomo-ecommerce/pastas-secas-guiseras/63676-fideos-guiseros-lucchetti-tirabuzon-500-grs--7790070336026.html,500
Fideos,305,MOSTACHOL,LUCCHETTI,FIDEOS GUISEROS LUCHETTI MOSTACHOL 500 GRS,1322.0,Atomo,https://atomoconviene.com/atomo-ecommerce/pastas-secas-guiseras/63688-fideos-guiseros-luchetti-mostachol-500-grs--7790070336149.html,500
Fideos,306,PENNE RIGATE,MATARAZZO,FIDEOS GUISEROS MATARAZZO PENNE RIGATE 500 GRS,1557.0,Atomo,https://atomoconviene.com/atomo-ecommerce/pastas-secas-guiseras/63646-fideos-guiseros-matarazzo-penne-rigate-500-grs--7790070336200.html,500
Fideos,307,PENNE RIGATE,LUCCHETTI,FIDEOS GUISEROS LUCCHETTI PENNE RIGATE 500 GRS,1322.0,Atomo,https://atomoconviene.com/atomo-ecommerce/pastas-secas-guiseras/67557-fideos-guiseros-lucchetti-penne-rigate-500-grs--7790070336361.html,500
Fideos,308,MONOS HUEVO,LUCCHETTI,FIDEOS GUISEROS LUCCHETTI MOÃ‘OS HUEVO 500 GRS,2561.0,Atomo,https://atomoconviene.com/atomo-ecommerce/pastas-secas-guiseras/87127-fideos-guiseros-lucchetti-monos-huevo-500-grs--7790070336767.html,500
Fideos,309,TIRABUZON HUEVO,LUCCHETTI,FIDEOS GUISEROS LUCCHETTI TIRABUZON HUEVO 500 GRS,1594.0,Atomo,https://atomoconviene.com/atomo-ecommerce/pastas-secas-guiseras/87119-fideos-guiseros-lucchetti-tirabuzon-huevo-500-grs--7790070337085.html,500
Fideos,310,CELIACOS GARBANZOS,YUKA,FIDEOS CELIACOS YUKA GARBANZOS 250 GRS,2106.0,Atomo,https://atomoconviene.com/atomo-ecommerce/pastas/97608-fideos-celiacos-yuka-garbanzos-250-grs--7794903232844.html,250
Fideos,311,CELIACOS ARVEJAS,YUKA,FIDEOS CELIACOS YUKA ARVEJAS 250 GRS,2106.0,Atomo,https://atomoconviene.com/atomo-ecommerce/pastas/97596-fideos-celiacos-yuka-arvejas-250-grs--7794903232851.html,250
Fideos,312,CELIACOS HUEVO,YUKA,FIDEOS CELIACOS YUKA HUEVO 250 GRS,2106.0,Atomo,https://atomoconviene.com/atomo-ecommerce/pastas/97576-fideos-celiacos-yuka-huevo-250-grs--7794903232905.html,250
Fideos,313,LARGOS SPATHETTI,LUCCHETTI,FIDEOS LARGOS LUCCHETTI SPATHETTI 500 GRS,1322.0,Atomo,https://atomoconviene.com/atomo-ecommerce/pastas-secas-largas/67559-fideos-largos-lucchetti-spathetti-500-grs--7790070336385.html,500
Fideos,314,MOSTACHOL,MATARAZZO,FIDEOS GUISEROS MATARAZZO MOSTACHOL 500 GRS,1557.0,Atomo,https://atomoconviene.com/atomo-ecommerce/pastas-secas-guiseras/63657-fideos-guiseros-matarazzo-mostachol-500-grs--7790070336217.html,500
Fideos,315,MUNICION,LUCCHETTI,FIDEOS SOPEROS LUCHETTI MUNICIONES 500 GRS,1322.0,Atomo,https://atomoconviene.com/atomo-ecommerce/pastas-secas-guiseras/94922-fideos-soperos-luchetti-municiones-500-grs--7790070318855.html,500
Fideos,316,DEDALITO,FAVORITA,FIDEOS SOPEROS FAVORITA DEDALITOS 500 GRS,926.0,Atomo,https://atomoconviene.com/atomo-ecommerce/pastas-secas-guiseras/27836-fideos-soperos-favorita-dedalitos-500-grs--7790070321435.html,500
Fideos,317,TALLARIN,SAN AGUSTIN,FIDEOS SAN AGUSTIN TALLARIN 500 GRS,836.0,Atomo,https://atomoconviene.com/atomo-ecommerce/pastas/66366-fideos-san-agustin-tallarin-500-grs--7792180143501.html,500
Fideos,318,CELANTANO,MAROLIO,FIDEOS GUISEROS MAROLIO CELANTANO 500 GRS,817.0,Atomo,https://atomoconviene.com/atomo-ecommerce/pastas-secas-guiseras/53209-fideos-guiseros-marolio-celantano-500-grs--7797470199282.html,500
Fideos,319,CODO,MAROLIO,FIDEOS GUISEROS MAROLIO CODO 500 GRS,817.0,Atomo,https://atomoconviene.com/atomo-ecommerce/pastas-secas-guiseras/53295-fideos-guiseros-marolio-codo-500-grs--7797470199275.html,500
